DateTime,TotalBalance,CurrentBalance,ProfitLoss,LatestPrice,Direction,NetBalance,NetPrice,StrategyReturn,SP500_Return
2021-05-12,10000000.0,10000000.0,0.0,4063.040039,No_Position,1.0,1.0,0.0,0.0
2021-05-13,10000000.0,10000000.0,0.0,4112.5,No_Position,1.0,1.01,0.0,0.01
2021-05-14,10000000.0,10000000.0,0.0,4173.850098,No_Position,1.0,1.03,0.0,0.03
2021-05-17,10000000.0,10000000.0,0.0,4163.290039,No_Position,1.0,1.02,0.0,0.02
2021-05-18,10000000.0,10000000.0,0.0,4127.830078,No_Position,1.0,1.02,0.0,0.02
2021-05-19,10000000.0,10000000.0,0.0,4115.680176,No_Position,1.0,1.01,0.0,0.01
2021-05-20,10000000.0,10000000.0,0.0,4159.120117,No_Position,1.0,1.02,0.0,0.02
2021-05-21,10000000.0,10000000.0,0.0,4155.859863,No_Position,1.0,1.02,0.0,0.02
2021-05-24,10000000.0,10000000.0,0.0,4197.049805,No_Position,1.0,1.03,0.0,0.03
2021-05-25,10000000.0,10000000.0,0.0,4188.129883,No_Position,1.0,1.03,0.0,0.03
2021-05-26,10000000.0,10000000.0,0.0,4195.990234,No_Position,1.0,1.03,0.0,0.03
2021-05-27,10000000.0,10000000.0,0.0,4200.879883,No_Position,1.0,1.03,0.0,0.03
2021-05-28,10000000.0,10000000.0,0.0,4204.109863,No_Position,1.0,1.03,0.0,0.03
2021-06-01,10000000.0,10000000.0,0.0,4202.040039,No_Position,1.0,1.03,0.0,0.03
2021-06-02,10000000.0,10000000.0,0.0,4208.120117,Long,1.0,1.04,0.0,0.04
2021-06-03,9963718.434856,10000000.0,-36281.56514400119,4192.850098,Long,1.0,1.03,-0.0,0.03
2021-06-04,10051725.56752,10000000.0,51725.56751999984,4229.890137,Long,1.01,1.04,0.01,0.04
2021-06-07,10043718.169527998,10000000.0,43718.16952799891,4226.52002,Long,1.0,1.04,0.0,0.04
2021-06-08,10045475.806024,10000000.0,45475.80602399937,4227.259766,Long,1.0,1.04,0.0,0.04
2021-06-09,10027156.938687999,10000000.0,27156.93868799824,4219.549805,Long,1.0,1.04,0.0,0.04
2021-06-10,10073798.700183999,10000000.0,73798.7001839987,4239.180176,Long,1.01,1.04,0.01,0.04
2021-06-11,10093423.901823997,10000000.0,93423.9018239982,4247.439941,Long,1.01,1.05,0.01,0.05
2021-06-14,10111742.769159999,10000000.0,111742.76915999933,4255.149902,Long,1.01,1.05,0.01,0.05
2021-06-15,10091404.071352,10000000.0,91404.07135199927,4246.589844,Long,1.01,1.05,0.01,0.05
2021-06-16,10037018.265328,10000000.0,37018.2653279999,4223.700195,Long,1.0,1.04,0.0,0.04
2021-06-17,10032645.636495998,10000000.0,32645.636495998304,4221.859863,Long,1.0,1.04,0.0,0.04
2021-06-18,9900992.265328,10000000.0,-99007.73467200011,4166.450195,Long,0.99,1.03,-0.01,0.03
2021-06-21,10039607.734672,10000000.0,39607.7346720001,4224.790039,Long,1.0,1.04,0.0,0.04
2021-06-22,10091047.901823997,10000000.0,91047.9018239982,4246.439941,Long,1.01,1.05,0.01,0.05
2021-06-23,10080118.071352,10000000.0,80118.07135199927,4241.839844,Long,1.01,1.04,0.01,0.04
2021-06-24,10138687.397991998,10000000.0,138687.39799199876,4266.490234,Long,1.01,1.05,0.01,0.05
2021-06-25,10172450.265328,10000000.0,172450.2653279999,4280.700195,Long,1.02,1.05,0.02,0.05
2021-06-28,10195995.636495998,10000000.0,195995.6364959983,4290.609863,Long,1.02,1.06,0.02,0.06
2021-06-29,10198822.938687999,10000000.0,198822.93868799825,4291.799805,Long,1.02,1.06,0.02,0.06
2021-06-30,10202155.742007999,10202155.742007999,0.0,4297.5,Short,1.02,1.06,0.02,0.06
2021-07-01,10148905.762015,10202155.742007999,-53249.979992999135,4319.939941,Short,1.01,1.06,0.01,0.06
2021-07-02,10072020.792195998,10202155.742007999,-130134.9498120002,4352.339844,Short,1.01,1.07,0.01,0.07
2021-07-06,10092902.729460998,10202155.742007999,-109253.01254700102,4343.540039,Short,1.01,1.07,0.01,0.07
2021-07-07,10058281.029649,10202155.742007999,-143874.71235899907,4358.129883,Short,1.01,1.07,0.01,0.07
2021-07-08,10146817.799655998,10202155.742007999,-55337.94235200036,4320.819824,Short,1.01,1.06,0.01,0.06
2021-07-09,10031181.554743,10202155.742007999,-170974.18726499917,4369.549805,Short,1.0,1.08,0.0,0.08
2021-07-12,9995396.529649,10202155.742007999,-206759.21235899907,4384.629883,Short,1.0,1.08,-0.0,0.08
2021-07-13,10031988.004555,10202155.742007999,-170167.73745299896,4369.209961,Short,1.0,1.08,0.0,0.08
2021-07-14,10019909.804743,10202155.742007999,-182245.93726499917,4374.299805,Short,1.0,1.08,0.0,0.08
2021-07-15,10053772.562203,10202155.742007999,-148383.17980499932,4360.029785,Short,1.01,1.07,0.01,0.07
2021-07-16,10131772.19182,10202155.742007999,-70383.5501879998,4327.160156,Short,1.01,1.07,0.01,0.07
2021-07-19,10294725.916725999,10202155.742007999,92570.1747180003,4258.490234,Short,1.03,1.05,0.03,0.05
2021-07-20,10141501.722000998,10202155.742007999,-60654.020007000865,4323.060059,Short,1.01,1.06,0.01,0.06
2021-07-21,10056952.012015,10202155.742007999,-145203.72999299914,4358.689941,Short,1.01,1.07,0.01,0.07
2021-07-22,10036093.249467999,10202155.742007999,-166062.49254000015,4367.47998,Short,1.0,1.07,0.0,0.07
2021-07-23,9930945.479460998,10202155.742007999,-271210.262547001,4411.790039,Short,0.99,1.09,-0.01,0.09
2021-07-26,9906005.804743,10202155.742007999,-296149.9372649992,4422.299805,Short,0.99,1.09,-0.01,0.09
2021-07-27,9955458.754555,10202155.742007999,-246696.98745299896,4401.459961,Short,1.0,1.08,-0.0,0.08
2021-07-28,9957404.196906999,10202155.742007999,-244751.54510100075,4400.640137,Short,1.0,1.08,-0.0,0.08
2021-07-29,9913480.524562,10202155.742007999,-288675.21744600026,4419.149902,Short,0.99,1.09,-0.01,0.09
2021-07-30,9970171.817289999,10202155.742007999,-231983.92471800031,4395.259766,Short,1.0,1.08,-0.0,0.08
2021-08-02,9989392.19182,10202155.742007999,-212763.5501879998,4387.160156,Short,1.0,1.08,-0.0,0.08
2021-08-03,9903988.524562,10202155.742007999,-298167.21744600026,4423.149902,Short,0.99,1.09,-0.01,0.09
2021-08-04,9942163.179269811,9942163.179269811,0.0,4402.660156,Long,0.99,1.08,-0.01,0.08
2021-08-05,10001864.56830581,9942163.179269811,59701.38903599994,4429.100098,Long,1.0,1.09,0.0,0.09
2021-08-06,10018618.752181811,9942163.179269811,76455.57291200003,4436.52002,Long,1.0,1.09,0.0,0.09
2021-08-09,10009203.06830581,9942163.179269811,67039.88903599994,4432.350098,Long,1.0,1.09,0.0,0.09
2021-08-10,10019138.047021812,9942163.179269811,76974.8677520002,4436.75,Long,1.0,1.09,0.0,0.09
2021-08-11,10031918.679269811,9942163.179269811,89755.5,4442.410156,Long,1.0,1.09,0.0,0.09
2021-08-12,10073510.863145811,9942163.179269811,131347.68387600008,4460.830078,Long,1.01,1.1,0.01,0.1
2021-08-13,10089700.547021812,9942163.179269811,147537.3677520002,4468.0,Long,1.01,1.1,0.01,0.1
2021-08-16,10116141.63895981,9942163.179269811,173978.4596899992,4479.709961,Long,1.01,1.1,0.01,0.1
2021-08-17,10044721.363145811,9942163.179269811,102558.1838760001,4448.080078,Long,1.0,1.09,0.0,0.09
2021-08-18,9936766.252181811,9942163.179269811,-5396.927087999964,4400.27002,Long,0.99,1.08,-0.01,0.08
2021-08-19,9949252.50671181,9942163.179269811,7089.327441999403,4405.799805,Long,0.99,1.08,-0.01,0.08
2021-08-20,10030247.230897812,9942163.179269811,88084.05162800029,4441.669922,Long,1.0,1.09,0.0,0.09
2021-08-23,10115734.801551811,9942163.179269811,173571.62228199956,4479.529785,Long,1.01,1.1,0.01,0.1
2021-08-24,10130863.841861812,9942163.179269811,188700.66259200036,4486.22998,Long,1.01,1.1,0.01,0.1
2021-08-25,10153353.43379981,9942163.179269811,211190.25452999937,4496.189941,Long,1.02,1.11,0.02,0.11
2021-08-26,10094216.547021812,9942163.179269811,152053.3677520002,4470.0,Long,1.01,1.1,0.01,0.1
2021-08-27,10183114.271207811,9942163.179269811,240951.09193800107,4509.370117,Long,1.02,1.11,0.02,0.11
2021-08-30,10226964.455083812,9942163.179269811,284801.27581400116,4528.790039,Long,1.02,1.11,0.02,0.11
2021-08-31,10213168.38442981,9942163.179269811,271005.20515999984,4522.680176,Long,1.02,1.11,0.02,0.11
2021-09-01,10216351.41477381,9942163.179269811,274188.2355040004,4524.089844,Long,1.02,1.11,0.02,0.11
2021-09-02,10245390.087331813,9942163.179269811,303226.908062001,4536.950195,Long,1.02,1.12,0.02,0.12
2021-09-03,10241957.88442981,9942163.179269811,299794.70515999984,4535.430176,Long,1.02,1.12,0.02,0.12
2021-09-07,10207183.801551811,9942163.179269811,265020.62228199956,4520.029785,Long,1.02,1.11,0.02,0.11
2021-09-08,10193726.209613811,9942163.179269811,251563.03034400055,4514.069824,Long,1.02,1.11,0.02,0.11
2021-09-09,10146782.301551811,9942163.179269811,204619.12228199956,4493.279785,Long,1.01,1.11,0.01,0.11
2021-09-10,10068430.363145811,9942163.179269811,126267.1838760001,4458.580078,Long,1.01,1.1,0.01,0.1
2021-09-13,10091348.841861812,9942163.179269811,149185.66259200036,4468.72998,Long,1.01,1.1,0.01,0.1
2021-09-14,10033363.00671181,9942163.179269811,91199.8274419994,4443.049805,Long,1.0,1.09,0.0,0.09
2021-09-15,10118377.587331813,9942163.179269811,176214.408062001,4480.700195,Long,1.01,1.1,0.01,0.1
2021-09-16,10102684.047021812,9942163.179269811,160520.8677520002,4473.75,Long,1.01,1.1,0.01,0.1
2021-09-17,10010648.49539381,9942163.179269811,68485.3161239999,4432.990234,Long,1.0,1.09,0.0,0.09
2021-09-20,9840710.841861812,9942163.179269811,-101452.33740799966,4357.72998,Long,0.98,1.07,-0.02,0.07
2021-09-21,9832717.43379981,9942163.179269811,-109445.74547000063,4354.189941,Long,0.98,1.07,-0.02,0.07
2021-09-22,9926311.976367813,9942163.179269811,-15851.20290199908,4395.640137,Long,0.99,1.08,-0.01,0.08
2021-09-23,10046753.341861812,9942163.179269811,104590.16259200034,4448.97998,Long,1.0,1.09,0.0,0.09
2021-09-24,10061430.341861812,9942163.179269811,119267.16259200034,4455.47998,Long,1.01,1.1,0.01,0.1
2021-09-27,10033498.617675811,9942163.179269811,91335.43840599946,4443.109863,Long,1.0,1.09,0.0,0.09
2021-09-28,9829194.82283581,9942163.179269811,-112968.35643400069,4352.629883,Long,0.98,1.07,-0.02,0.07
2021-09-29,9844617.13895981,9942163.179269811,-97546.04031000078,4359.459961,Long,0.98,1.07,-0.02,0.07
2021-09-30,9727381.955083812,9942163.179269811,-214781.22418599884,4307.540039,Long,0.97,1.06,-0.03,0.06
2021-10-01,9839152.955083812,9942163.179269811,-103010.22418599883,4357.040039,Long,0.98,1.07,-0.02,0.07
2021-10-04,9711395.13895981,9942163.179269811,-230768.0403100008,4300.459961,Long,0.97,1.06,-0.03,0.06
2021-10-05,9813592.792491812,9942163.179269811,-128570.38677799917,4345.720215,Long,0.98,1.07,-0.02,0.07
2021-10-06,9853852.00671181,9942163.179269811,-88311.1725580006,4363.549805,Long,0.99,1.07,-0.01,0.07
2021-10-07,9935614.098649811,9942163.179269811,-6549.080619999522,4399.759766,Long,0.99,1.08,-0.01,0.08
2021-10-08,9916601.91477381,9942163.179269811,-25561.264495999618,4391.339844,Long,0.99,1.08,-0.01,0.08
2021-10-11,9848523.43379981,9942163.179269811,-93639.74547000063,4361.189941,Long,0.98,1.07,-0.02,0.07
2021-10-12,9824724.02573781,9942163.179269811,-117439.15353199956,4350.649902,Long,0.98,1.07,-0.02,0.07
2021-10-13,9854416.50671181,9942163.179269811,-87746.6725580006,4363.799805,Long,0.99,1.07,-0.01,0.07
2021-10-14,10022547.098649811,9942163.179269811,80383.91938000047,4438.259766,Long,1.0,1.09,0.0,0.09
2021-10-15,10097310.271207811,9942163.179269811,155147.09193800107,4471.370117,Long,1.01,1.1,0.01,0.1
2021-10-18,10131383.13895981,9942163.179269811,189219.9596899992,4486.459961,Long,1.01,1.1,0.01,0.1
2021-10-19,10206280.82283581,9942163.179269811,264117.6435659993,4519.629883,Long,1.02,1.11,0.02,0.11
2021-10-20,10243673.43379981,9942163.179269811,301510.2545299994,4536.189941,Long,1.02,1.12,0.02,0.12
2021-10-21,10274359.301551811,9942163.179269811,332196.12228199956,4549.779785,Long,1.03,1.12,0.03,0.12
2021-10-22,10263340.52573781,9942163.179269811,321177.34646800044,4544.899902,Long,1.03,1.12,0.03,0.12
2021-10-25,10312068.34186181,9942163.179269811,369905.1625920003,4566.47998,Long,1.03,1.12,0.03,0.12
2021-10-26,10330832.455083812,9942163.179269811,388669.27581400116,4574.790039,Long,1.03,1.13,0.03,0.13
2021-10-27,10278650.38442981,9942163.179269811,336487.20515999984,4551.680176,Long,1.03,1.12,0.03,0.12
2021-10-28,10379672.730897812,9942163.179269811,437509.5516280003,4596.419922,Long,1.04,1.13,0.04,0.13
2021-10-29,10399904.32283581,9942163.179269811,457741.1435659993,4605.379883,Long,1.04,1.13,0.04,0.13
2021-11-01,10418623.230897812,9942163.179269811,476460.0516280003,4613.669922,Long,1.04,1.14,0.04,0.14
2021-11-02,10456964.02573781,9942163.179269811,514800.84646800044,4630.649902,Long,1.05,1.14,0.05,0.14
2021-11-03,10513999.64295122,10513999.64295122,0.0,4660.569824,Short,1.05,1.15,0.05,0.15
2021-11-04,10470049.16302622,10513999.64295122,-43950.47992500048,4680.060059,Short,1.05,1.15,0.05,0.15
2021-11-05,10430654.93089622,10513999.64295122,-83344.71205499902,4697.529785,Short,1.04,1.16,0.04,0.16
2021-11-08,10421250.65634622,10513999.64295122,-92748.98660500043,4701.700195,Short,1.04,1.16,0.04,0.16
2021-11-09,10458345.846071221,10513999.64295122,-55653.79687999965,4685.25,Short,1.05,1.15,0.05,0.15
2021-11-10,10534775.303054167,10534775.303054167,0.0,4646.709961,Long,1.05,1.14,0.05,0.14
2021-11-11,10540578.956807168,10534775.303054167,5803.653753000827,4649.27002,Long,1.05,1.14,0.05,0.14
2021-11-12,10616704.993633168,10534775.303054167,81929.69057900073,4682.850098,Long,1.06,1.15,0.06,0.15
2021-11-15,10616590.979402168,10534775.303054167,81815.6763480002,4682.799805,Long,1.06,1.15,0.06,0.15
2021-11-16,10657623.899301168,10534775.303054167,122848.59624700123,4700.899902,Long,1.07,1.16,0.07,0.16
2021-11-17,10619269.319927994,10619269.319927994,0.0,4688.669922,Short,1.06,1.15,0.06,0.15
2021-11-18,10583339.375039993,10619269.319927994,-35929.944888000886,4704.540039,Short,1.06,1.16,0.06,0.16
2021-11-19,10598236.671631996,10619269.319927994,-21032.648295998923,4697.959961,Short,1.06,1.16,0.06,0.16
2021-11-22,10632241.996911995,10619269.319927994,12972.676984000922,4682.939941,Short,1.06,1.15,0.06,0.15
2021-11-23,10614672.781855993,10619269.319927994,-4596.538072000694,4690.700195,Short,1.06,1.15,0.06,0.15
2021-11-24,10590312.671631996,10619269.319927994,-28956.648295998923,4701.459961,Short,1.06,1.16,0.06,0.16
2021-11-26,10832198.078447994,10619269.319927994,212928.75851999922,4594.620117,Short,1.08,1.13,0.08,0.13
2021-11-29,10694886.698055994,10619269.319927994,75617.37812800024,4655.27002,Short,1.07,1.15,0.07,0.15
2021-11-30,10894730.023335995,10619269.319927994,275460.7034080001,4567.0,Short,1.09,1.12,0.09,0.12
2021-12-01,11016895.375039993,10619269.319927994,397626.0551119991,4513.040039,Short,1.1,1.11,0.1,0.11
2021-12-02,10871863.401463995,10619269.319927994,252594.08153600036,4577.100098,Short,1.09,1.13,0.09,0.13
2021-12-03,10959412.104871994,10619269.319927994,340142.7849440004,4538.430176,Short,1.1,1.12,0.1,0.12
2021-12-06,10838877.319927994,10619269.319927994,219608.0,4591.669922,Short,1.08,1.13,0.08,0.13
2021-12-07,10623616.023335995,10619269.319927994,4346.703408000096,4686.75,Short,1.06,1.15,0.06,0.15
2021-12-08,10590878.671631996,10619269.319927994,-28390.648295998923,4701.209961,Short,1.06,1.16,0.06,0.16
2021-12-09,10667310.781855993,10619269.319927994,48041.461927999306,4667.450195,Short,1.07,1.15,0.07,0.15
2021-12-10,10566404.698055994,10619269.319927994,-52864.62187199975,4712.02002,Short,1.06,1.16,0.06,0.16
2021-12-13,10663869.456575993,10619269.319927994,44600.13664799946,4668.970215,Short,1.07,1.15,0.07,0.15
2021-12-14,10742838.616519993,10619269.319927994,123569.29659199991,4634.089844,Short,1.07,1.14,0.07,0.14
2021-12-15,10560654.300842123,10560654.300842123,0.0,4709.850098,Long,1.06,1.16,0.06,0.16
2021-12-16,10468328.346250124,10560654.300842123,-92325.95459199966,4668.669922,Long,1.05,1.15,0.05,0.15
2021-12-17,10360645.568280123,10560654.300842123,-200008.73256199903,4620.640137,Long,1.04,1.14,0.04,0.14
2021-12-20,10242671.265966123,10560654.300842123,-317983.0348759999,4568.02002,Long,1.02,1.12,0.02,0.12
2021-12-21,10424743.996286124,10560654.300842123,-135910.3045559996,4649.22998,Long,1.04,1.14,0.04,0.14
2021-12-22,10530858.033404125,10560654.300842123,-29796.267437998933,4696.560059,Long,1.05,1.16,0.05,0.16
2021-12-23,10596391.648564124,10560654.300842123,35737.34772200122,4725.790039,Long,1.06,1.16,0.06,0.16
2021-12-27,10743018.228848122,10560654.300842123,182363.92800599942,4791.189941,Long,1.07,1.18,0.07,0.18
2021-12-28,10732167.300842123,10560654.300842123,171513.0,4786.350098,Long,1.07,1.18,0.07,0.18
2021-12-29,10747211.033404125,10560654.300842123,186556.73256200107,4793.060059,Long,1.07,1.18,0.07,0.18
2021-12-30,10715082.996286124,10560654.300842123,154428.6954440004,4778.72998,Long,1.07,1.18,0.07,0.18
2021-12-31,10686946.335718123,10560654.300842123,126292.0348759999,4766.180176,Long,1.07,1.17,0.07,0.17
2022-01-03,10755058.033404125,10560654.300842123,194403.73256200107,4796.560059,Long,1.08,1.18,0.08,0.18
2022-01-04,10748287.148564124,10560654.300842123,187632.84772200123,4793.540039,Long,1.07,1.18,0.07,0.18
2022-01-05,10539870.916002123,10560654.300842123,-20783.384839999846,4700.580078,Long,1.05,1.16,0.05,0.16
2022-01-06,10529714.043936122,10560654.300842123,-30940.256906000533,4696.049805,Long,1.05,1.16,0.05,0.16
2022-01-07,10487071.159096122,10560654.300842123,-73583.14174600039,4677.029785,Long,1.05,1.15,0.05,0.15
2022-01-10,10471960.648564124,10560654.300842123,-88693.65227799877,4670.290039,Long,1.05,1.15,0.05,0.15
2022-01-11,10567872.926534124,10560654.300842123,7218.625692000593,4713.069824,Long,1.06,1.16,0.06,0.16
2022-01-12,10597647.300842123,10560654.300842123,36993.0,4726.350098,Long,1.06,1.16,0.06,0.16
2022-01-13,10446715.159096122,10560654.300842123,-113939.14174600039,4659.029785,Long,1.04,1.15,0.04,0.15
2022-01-14,10455280.300842123,10560654.300842123,-105374.0,4662.850098,Long,1.05,1.15,0.05,0.15
2022-01-18,10263050.693972122,10560654.300842123,-297603.6068700005,4577.109863,Long,1.03,1.13,0.03,0.13
2022-01-19,10163617.776498124,10560654.300842123,-397036.52434399945,4532.759766,Long,1.02,1.12,0.02,0.12
2022-01-20,10051450.996286124,10560654.300842123,-509203.3045559996,4482.72998,Long,1.01,1.1,0.01,0.1
2022-01-21,9861351.728848122,10560654.300842123,-699302.5719940006,4397.939941,Long,0.99,1.08,-0.01,0.08
2022-01-24,9888681.578812122,10560654.300842123,-671972.7220300006,4410.129883,Long,0.99,1.09,-0.01,0.09
2022-01-25,9768331.718316125,10560654.300842123,-792322.5825259989,4356.450195,Long,0.98,1.07,-0.02,0.07
2022-01-26,9753713.835718123,10560654.300842123,-806940.4651240001,4349.930176,Long,0.98,1.07,-0.02,0.07
2022-01-27,9701205.276498124,10560654.300842123,-859449.0243439995,4326.509766,Long,0.97,1.06,-0.03,0.06
2022-01-28,9937378.300842123,10560654.300842123,-623276.0,4431.850098,Long,0.99,1.09,-0.01,0.09
2022-01-31,10125033.043936122,10560654.300842123,-435621.25690600055,4515.549805,Long,1.01,1.11,0.01,0.11
2022-02-01,10194513.148564124,10560654.300842123,-366141.1522779988,4546.540039,Long,1.02,1.12,0.02,0.12
2022-02-02,10290560.078812122,10560654.300842123,-270094.22203000064,4589.379883,Long,1.03,1.13,0.03,0.13
2022-02-03,10039590.728848122,10560654.300842123,-521063.5719940006,4477.439941,Long,1.0,1.1,0.0,0.1
2022-02-04,10091358.159096122,10560654.300842123,-469296.1417460004,4500.529785,Long,1.01,1.11,0.01,0.11
2022-02-07,10054007.183440125,10560654.300842123,-506647.1174019989,4483.870117,Long,1.01,1.1,0.01,0.1
2022-02-08,10138463.148564124,10560654.300842123,-422191.1522779988,4521.540039,Long,1.01,1.11,0.01,0.11
2022-02-09,10285628.335718123,10560654.300842123,-275025.9651240001,4587.180176,Long,1.03,1.13,0.03,0.13
2022-02-10,10099317.916002123,10560654.300842123,-461336.38483999984,4504.080078,Long,1.01,1.11,0.01,0.11
2022-02-11,9907761.568280123,10560654.300842123,-652892.732561999,4418.640137,Long,0.99,1.09,-0.01,0.09
2022-02-14,9869714.346250124,10560654.300842123,-690939.9545919996,4401.669922,Long,0.99,1.08,-0.01,0.08
2022-02-15,10025308.926534124,10560654.300842123,-535345.3743079994,4471.069824,Long,1.0,1.1,0.0,0.1
2022-02-16,10034142.276498124,10560654.300842123,-526512.0243439995,4475.009766,Long,1.0,1.1,0.0,0.1
2022-02-17,9821712.776498124,10560654.300842123,-738941.5243439995,4380.259766,Long,0.98,1.08,-0.02,0.08
2022-02-18,9751337.183440125,10560654.300842123,-809317.1174019988,4348.870117,Long,0.98,1.07,-0.02,0.07
2022-02-22,9652441.776498124,10560654.300842123,-908212.5243439995,4304.759766,Long,0.97,1.06,-0.03,0.06
2022-02-23,9474741.381126123,10560654.300842123,-1085912.9197159999,4225.5,Long,0.95,1.04,-0.05,0.04
2022-02-24,9616436.218316125,10560654.300842123,-944218.0825259989,4288.700195,Long,0.96,1.06,-0.04,0.06
2022-02-25,9831555.461410124,10560654.300842123,-729098.8394319995,4384.649902,Long,0.98,1.08,-0.02,0.08
2022-02-28,9807543.728848122,10560654.300842123,-753110.5719940006,4373.939941,Long,0.98,1.08,-0.02,0.08
2022-03-01,9655804.776498124,10560654.300842123,-904849.5243439995,4306.259766,Long,0.97,1.06,-0.03,0.06
2022-03-02,9835793.148564124,10560654.300842123,-724861.1522779987,4386.540039,Long,0.98,1.08,-0.02,0.08
2022-03-03,9784115.485754123,10560654.300842123,-776538.815088,4363.490234,Long,0.98,1.07,-0.02,0.07
2022-03-04,9706497.183440125,10560654.300842123,-854157.1174019988,4328.870117,Long,0.97,1.07,-0.03,0.07
2022-03-07,9420013.811374124,10560654.300842123,-1140640.4894679997,4201.089844,Long,0.94,1.03,-0.06,0.03
2022-03-08,9351880.218316125,10560654.300842123,-1208774.082525999,4170.700195,Long,0.94,1.03,-0.06,0.03
2022-03-09,9582586.072114436,9582586.072114436,0.0,4277.879883,Short,0.96,1.05,-0.04,0.05
2022-03-10,9623712.165234435,9582586.072114436,41126.09311999928,4259.52002,Short,0.96,1.05,-0.04,0.05
2022-03-11,9747382.477874434,9582586.072114436,164796.4057599983,4204.310059,Short,0.97,1.03,-0.03,0.03
2022-03-14,9817270.916914435,9582586.072114436,234684.84479999985,4173.109863,Short,0.98,1.03,-0.02,0.03
2022-03-15,9617148.573234435,9582586.072114436,34562.50111999834,4262.450195,Short,0.96,1.05,-0.04,0.05
2022-03-16,9393669.310821315,9393669.310821315,0.0,4357.859863,Long,0.94,1.07,-0.06,0.07
2022-03-17,9509629.987966316,9393669.310821315,115960.67714500078,4411.669922,Long,0.95,1.09,-0.05,0.09
2022-03-18,9620505.158191318,9393669.310821315,226835.84737000155,4463.120117,Long,0.96,1.1,-0.04,0.1
2022-03-21,9616324.585336316,9393669.310821315,222655.27451500038,4461.180176,Long,0.96,1.1,-0.04,0.1
2022-03-22,9725000.560821315,9393669.310821315,331331.25,4511.609863,Long,0.97,1.11,-0.03,0.11
2022-03-23,9605679.010326317,9393669.310821315,212009.69950500043,4456.240234,Long,0.96,1.1,-0.04,0.1
2022-03-24,9743426.442236315,9393669.310821315,349757.13141500053,4520.160156,Long,0.97,1.11,-0.03,0.11
2022-03-25,9792775.733201317,9393669.310821315,399106.42238000146,4543.060059,Long,0.98,1.12,-0.02,0.12
2022-03-28,9862726.949156316,9393669.310821315,469057.63833500055,4575.52002,Long,0.99,1.13,-0.01,0.13
2022-03-29,9983579.517246315,9393669.310821315,589910.2064250004,4631.600098,Long,1.0,1.14,-0.0,0.14
2022-03-30,9910843.196111092,9910843.196111092,0.0,4602.450195,Short,0.99,1.13,-0.01,0.13
2022-03-31,10065945.400078094,9910843.196111092,155102.20396700094,4530.410156,Short,1.01,1.12,0.01,0.12
2022-04-01,10032682.180907093,9910843.196111092,121838.98479600144,4545.859863,Short,1.0,1.12,0.0,0.12
2022-04-04,9953494.250985092,9910843.196111092,42651.05487400006,4582.640137,Short,1.0,1.13,-0.0,0.13
2022-04-05,10077334.854045093,9910843.196111092,166491.6579339999,4525.120117,Short,1.01,1.11,0.01,0.11
2022-04-06,10162354.811201086,10162354.811201086,0.0,4481.149902,Long,1.02,1.1,0.02,0.1
2022-04-07,10205563.964954086,10162354.811201086,43209.15375299877,4500.209961,Long,1.02,1.11,0.02,0.11
2022-04-08,10178518.255962085,10162354.811201086,16163.444760999113,4488.279785,Long,1.02,1.1,0.02,0.1
2022-04-11,10006793.005962085,10162354.811201086,-155561.80523900088,4412.529785,Long,1.0,1.09,0.0,0.09
2022-04-12,9972607.575432086,10162354.811201086,-189747.23576899947,4397.450195,Long,1.0,1.08,-0.0,0.08
2022-04-13,10084007.159715086,10162354.811201086,-78347.65148600006,4446.589844,Long,1.01,1.09,0.01,0.09
2022-04-14,9961589.159715086,10162354.811201086,-200765.65148600005,4392.589844,Long,1.0,1.08,-0.0,0.08
2022-04-18,9959549.079614086,10162354.811201086,-202805.73158700106,4391.689941,Long,1.0,1.08,-0.0,0.08
2022-04-19,10119417.964954086,10162354.811201086,-42936.84624700123,4462.209961,Long,1.01,1.1,0.01,0.1
2022-04-20,10113161.575432086,10162354.811201086,-49193.23576899946,4459.450195,Long,1.01,1.1,0.01,0.1
2022-04-21,9964015.557019087,10162354.811201086,-198339.25418200044,4393.660156,Long,1.0,1.08,-0.0,0.08
2022-04-22,9687712.755962085,10162354.811201086,-474642.0552390009,4271.779785,Long,0.97,1.05,-0.03,0.05
2022-04-25,9742892.288606087,10162354.811201086,-419462.52259499935,4296.120117,Long,0.97,1.06,-0.03,0.06
2022-04-26,9468766.825432086,10162354.811201086,-693587.9857689994,4175.200195,Long,0.95,1.03,-0.05,0.03
2022-04-27,9488625.214954086,10162354.811201086,-673729.5962470012,4183.959961,Long,0.95,1.03,-0.05,0.03
2022-04-28,9723350.483367085,10162354.811201086,-439004.3278340002,4287.5,Long,0.97,1.06,-0.03,0.06
2022-04-29,9370673.692359086,10162354.811201086,-791681.1188420006,4131.930176,Long,0.94,1.02,-0.06,0.02
2022-05-02,9423834.178128086,10162354.811201086,-738520.6330730012,4155.379883,Long,0.94,1.02,-0.06,0.02
2022-05-03,9469401.098027086,10162354.811201086,-692953.7131740001,4175.47998,Long,0.95,1.03,-0.05,0.03
2022-05-04,9752073.196541086,10162354.811201086,-410281.61466000014,4300.169922,Long,0.98,1.06,-0.02,0.06
2022-05-05,9404542.538606087,10162354.811201086,-757812.2725949994,4146.870117,Long,0.94,1.02,-0.06,0.02
2022-05-06,9351199.409715086,10162354.811201086,-811155.401486,4123.339844,Long,0.94,1.01,-0.06,0.01
2022-05-09,9051729.040697087,10162354.811201086,-1110625.7705040001,3991.23999,Long,0.91,0.98,-0.09,-0.02
2022-05-10,9073968.444450086,10162354.811201086,-1088386.3667510003,4001.050049,Long,0.91,0.98,-0.09,-0.02
2022-05-11,8924640.889211087,10162354.811201086,-1237713.9219900002,3935.179932,Long,0.89,0.97,-0.11,-0.03
2022-05-12,8913079.520193085,10162354.811201086,-1249275.2910080003,3930.080078,Long,0.89,0.97,-0.11,-0.03
2022-05-13,9125746.370798087,10162354.811201086,-1036608.4404030002,4023.889893,Long,0.91,0.99,-0.09,-0.01
2022-05-16,9089746.676037086,10162354.811201086,-1072608.1351640003,4008.01001,Long,0.91,0.99,-0.09,-0.01
2022-05-17,9273011.155533087,10162354.811201086,-889343.6556680005,4088.850098,Long,0.93,1.01,-0.07,0.01
2022-05-18,8898570.389211087,10162354.811201086,-1263784.4219900002,3923.679932,Long,0.89,0.97,-0.11,-0.03
2022-05-19,8846679.001780085,10162354.811201086,-1315675.8094210003,3900.790039,Long,0.88,0.96,-0.12,-0.04
2022-05-20,8847971.345936086,10162354.811201086,-1314383.4652650002,3901.360107,Long,0.88,0.96,-0.12,-0.04
2022-05-23,9012079.233367085,10162354.811201086,-1150275.5778340003,3973.75,Long,0.9,0.98,-0.1,-0.02
2022-05-24,8938923.098027086,10162354.811201086,-1223431.7131740001,3941.47998,Long,0.89,0.97,-0.11,-0.03
2022-05-25,9023368.848027086,10162354.811201086,-1138985.9631740001,3978.72998,Long,0.9,0.98,-0.1,-0.02
2022-05-26,9202711.462863086,10162354.811201086,-959643.3483380005,4057.840088,Long,0.92,1.0,-0.08,-0.0
2022-05-27,9430318.593845086,10162354.811201086,-732036.2173560006,4158.240234,Long,0.94,1.02,-0.06,0.02
2022-05-31,9371171.811201086,10162354.811201086,-791183.0,4132.149902,Long,0.94,1.02,-0.06,0.02
2022-06-01,9301076.348027086,10162354.811201086,-861278.4631740001,4101.22998,Long,0.93,1.01,-0.07,0.01
2022-06-02,9472438.524375087,10162354.811201086,-689916.2868259999,4176.819824,Long,0.95,1.03,-0.05,0.03
2022-06-03,9317648.251780087,10162354.811201086,-844706.5594209993,4108.540039,Long,0.93,1.01,-0.07,0.01
2022-06-06,9346870.192359086,10162354.811201086,-815484.6188420006,4121.430176,Long,0.93,1.01,-0.07,0.01
2022-06-07,9435849.942359086,10162354.811201086,-726504.8688420006,4160.680176,Long,0.94,1.02,-0.06,0.02
2022-06-08,9334038.618707085,10162354.811201086,-828316.1924940004,4115.77002,Long,0.93,1.01,-0.07,0.01
2022-06-09,9111986.077523086,10162354.811201086,-1050368.7336780003,4017.820068,Long,0.91,0.99,-0.09,-0.01
2022-06-10,8846837.845936086,10162354.811201086,-1315516.9652650002,3900.860107,Long,0.88,0.96,-0.12,-0.04
2022-06-13,8503998.928128086,10162354.811201086,-1658355.883073,3749.629883,Long,0.85,0.92,-0.15,-0.08
2022-06-14,8471921.098027086,10162354.811201086,-1690433.7131740001,3735.47998,Long,0.85,0.92,-0.15,-0.08
2022-06-15,8595495.290697087,10162354.811201086,-1566859.5205040001,3789.98999,Long,0.86,0.93,-0.14,-0.07
2022-06-16,8316155.618707086,10162354.811201086,-1846199.1924940003,3666.77002,Long,0.83,0.9,-0.17,-0.1
2022-06-17,8334450.462863086,10162354.811201086,-1827904.3483380005,3674.840088,Long,0.83,0.9,-0.17,-0.1
2022-06-21,8538367.001780085,10162354.811201086,-1623987.8094210003,3764.790039,Long,0.85,0.93,-0.15,-0.07
2022-06-22,8527258.370798087,10162354.811201086,-1635096.4404030002,3759.889893,Long,0.85,0.93,-0.15,-0.07
2022-06-23,8608507.848027086,10162354.811201086,-1553846.9631740001,3795.72998,Long,0.86,0.93,-0.14,-0.07
2022-06-24,8871502.540697087,10162354.811201086,-1290852.2705040001,3911.73999,Long,0.89,0.96,-0.11,-0.04
2022-06-27,8845137.595936086,10162354.811201086,-1317217.2152650002,3900.110107,Long,0.88,0.96,-0.12,-0.04
2022-06-28,8667041.944450086,10162354.811201086,-1495312.8667510003,3821.550049,Long,0.87,0.94,-0.13,-0.06
2022-06-29,8660875.770193085,10162354.811201086,-1501479.0410080003,3818.830078,Long,0.87,0.94,-0.13,-0.06
2022-06-30,8585044.178128086,10162354.811201086,-1577310.633073,3785.379883,Long,0.86,0.93,-0.14,-0.07
2022-07-01,8675611.270193085,10162354.811201086,-1486743.5410080003,3825.330078,Long,0.87,0.94,-0.13,-0.06
2022-07-05,8689348.870798087,10162354.811201086,-1473005.9404030002,3831.389893,Long,0.87,0.94,-0.13,-0.06
2022-07-06,8720384.520193085,10162354.811201086,-1441970.2910080003,3845.080078,Long,0.87,0.95,-0.13,-0.05
2022-07-07,8850827.788606085,10162354.811201086,-1311527.0225950005,3902.620117,Long,0.89,0.96,-0.11,-0.04
2022-07-08,8843482.178128086,10162354.811201086,-1318872.633073,3899.379883,Long,0.88,0.96,-0.12,-0.04
2022-07-11,8741580.639211087,10162354.811201086,-1420774.1719900002,3854.429932,Long,0.87,0.95,-0.13,-0.05
2022-07-12,8660807.694450086,10162354.811201086,-1501547.1167510003,3818.800049,Long,0.87,0.94,-0.13,-0.06
2022-07-13,8622223.309110086,10162354.811201086,-1540131.5020910003,3801.780029,Long,0.86,0.94,-0.14,-0.06
2022-07-14,8596379.178128086,10162354.811201086,-1565975.633073,3790.379883,Long,0.86,0.93,-0.14,-0.07
2022-07-15,8761371.503871087,10162354.811201086,-1400983.30733,3863.159912,Long,0.88,0.95,-0.12,-0.05
2022-07-18,8688125.155533087,10162354.811201086,-1474229.6556680005,3830.850098,Long,0.87,0.94,-0.13,-0.06
2022-07-19,8928064.079614086,10162354.811201086,-1234290.731587,3936.689941,Long,0.89,0.97,-0.11,-0.03
2022-07-20,8980681.061201086,10162354.811201086,-1181673.75,3959.899902,Long,0.9,0.97,-0.1,-0.03
2022-07-21,9069207.522284087,10162354.811201086,-1093147.2889170002,3998.949951,Long,0.91,0.98,-0.09,-0.02
2022-07-22,8984602.928128086,10162354.811201086,-1177751.883073,3961.629883,Long,0.9,0.98,-0.1,-0.02
2022-07-25,8996414.462863086,10162354.811201086,-1165940.3483380005,3966.840088,Long,0.9,0.98,-0.1,-0.02
2022-07-26,8892608.444450086,10162354.811201086,-1269746.3667510003,3921.050049,Long,0.89,0.97,-0.11,-0.03
2022-07-27,9125112.095936086,10162354.811201086,-1037242.7152650004,4023.610107,Long,0.91,0.99,-0.09,-0.01
2022-07-28,9235786.639211087,10162354.811201086,-926568.1719900002,4072.429932,Long,0.92,1.0,-0.08,0.0
2022-07-29,9366955.501780087,10162354.811201086,-795399.3094209993,4130.290039,Long,0.94,1.02,-0.06,0.02
2022-08-01,9340521.928128086,10162354.811201086,-821832.8830730012,4118.629883,Long,0.93,1.01,-0.07,0.01
2022-08-02,9278315.579614086,10162354.811201086,-884039.2315870001,4091.189941,Long,0.93,1.01,-0.07,0.01
2022-08-03,9413938.426327912,9413938.426327912,0.0,4155.169922,Short,0.94,1.02,-0.06,0.02
2022-08-04,9421254.333292913,9413938.426327912,7315.906965000922,4151.939941,Short,0.94,1.02,-0.06,0.02
2022-08-05,9436543.083292913,9413938.426327912,22604.656965000922,4145.189941,Short,0.94,1.02,-0.06,0.02
2022-08-08,9448162.266022911,9413938.426327912,34223.83969499927,4140.060059,Short,0.94,1.02,-0.06,0.02
2022-08-09,9488003.262682911,9413938.426327912,74064.83635499945,4122.470215,Short,0.95,1.01,-0.05,0.01
2022-08-10,9289204.169647913,9413938.426327912,-124734.25667999961,4210.240234,Short,0.93,1.04,-0.07,0.04
2022-08-11,9295931.704357913,9413938.426327912,-118006.72196999975,4207.27002,Short,0.93,1.04,-0.07,0.04
2022-08-12,9130858.771627912,9413938.426327912,-283079.65470000013,4280.149902,Short,0.91,1.05,-0.09,0.05
2022-08-15,9092375.889352912,9413938.426327912,-321562.53697500064,4297.140137,Short,0.91,1.06,-0.09,0.06
2022-08-16,9074119.857982911,9413938.426327912,-339818.5683450007,4305.200195,Short,0.91,1.06,-0.09,0.06
2022-08-17,9144697.611322911,9413938.426327912,-269240.8150050009,4274.040039,Short,0.91,1.05,-0.09,0.05
2022-08-18,9122726.669647913,9413938.426327912,-291211.75667999964,4283.740234,Short,0.91,1.05,-0.09,0.05
2022-08-19,9247891.144957911,9413938.426327912,-166047.28137000007,4228.47998,Short,0.92,1.04,-0.08,0.04
2022-08-22,9452850.419647913,9413938.426327912,38911.99332000039,4137.990234,Short,0.95,1.02,-0.05,0.02
2022-08-23,9473824.894957911,9413938.426327912,59886.46862999994,4128.72998,Short,0.95,1.02,-0.05,0.02
2022-08-24,9446554.204357913,9413938.426327912,32615.778030000252,4140.77002,Short,0.94,1.02,-0.06,0.02
2022-08-25,9314391.234652912,9413938.426327912,-99547.1916750008,4199.120117,Short,0.93,1.03,-0.07,0.03
2022-08-26,9634798.598977912,9413938.426327912,220860.17264999993,4057.659912,Short,0.96,1.0,-0.04,-0.0
2022-08-29,9696066.407302912,9413938.426327912,282127.9809750002,4030.610107,Short,0.97,0.99,-0.03,-0.01
2022-08-30,9796746.098977912,9413938.426327912,382807.6726499999,3986.159912,Short,0.98,0.98,-0.02,-0.02
2022-08-31,9867323.299657913,9413938.426327912,453384.8733300001,3955.0,Short,0.99,0.97,-0.01,-0.03
2022-09-01,9840482.827687912,9413938.426327912,426544.40136000037,3966.850098,Short,0.98,0.98,-0.02,-0.02
2022-09-02,9936949.377007913,9413938.426327912,523010.9506800002,3924.26001,Short,0.99,0.97,-0.01,-0.03
2022-09-06,9973348.083292913,9413938.426327912,559409.6569649999,3908.189941,Short,1.0,0.96,-0.0,-0.04
2022-09-07,9810992.484652912,9413938.426327912,397054.0583250002,3979.870117,Short,0.98,0.98,-0.02,-0.02
2022-09-08,9751400.753677912,9413938.426327912,337462.3273500001,4006.179932,Short,0.98,0.99,-0.02,-0.01
2022-09-09,9612827.657302912,9413938.426327912,198889.23097500016,4067.360107,Short,0.96,1.0,-0.04,0.0
2022-09-12,9515319.296317913,9413938.426327912,101380.86999000028,4110.410156,Short,0.95,1.01,-0.05,0.01
2022-09-13,9917855.583292913,9413938.426327912,503917.1569649999,3932.689941,Short,0.99,0.97,-0.01,-0.03
2022-09-14,9887685.627007913,9413938.426327912,473747.2006800002,3946.01001,Short,0.99,0.97,-0.01,-0.03
2022-09-15,9988840.327687912,9413938.426327912,574901.9013600004,3901.350098,Short,1.0,0.96,-0.0,-0.04
2022-09-16,10052305.672987912,9413938.426327912,638367.2466600002,3873.330078,Short,1.01,0.95,0.01,-0.05
2022-09-19,9992147.692012912,9413938.426327912,578209.265685,3899.889893,Short,1.0,0.96,-0.0,-0.04
2022-09-20,10091717.003677912,9413938.426327912,677778.57735,3855.929932,Short,1.01,0.95,0.01,-0.05
2022-09-21,10241207.003677912,9413938.426327912,827268.57735,3789.929932,Short,1.02,0.93,0.02,-0.07
2022-09-22,10313550.972307913,9413938.426327912,899612.54598,3757.98999,Short,1.03,0.92,0.03,-0.08
2022-09-23,10460232.394957911,9413938.426327912,1046293.9686299999,3693.22998,Short,1.05,0.91,0.05,-0.09
2022-09-26,10546732.611322913,9413938.426327912,1132794.1849950003,3655.040039,Short,1.05,0.9,0.05,-0.1
2022-09-27,10564286.361322913,9413938.426327912,1150347.9349950003,3647.290039,Short,1.06,0.9,0.06,-0.1
2022-09-28,10393348.985634577,10393348.985634577,0.0,3719.040039,Long,1.04,0.92,0.04,-0.08
2022-09-29,10173824.215642577,10393348.985634577,-219524.769992,3640.469971,Long,1.02,0.9,0.02,-0.1
2022-09-30,10020573.723566577,10393348.985634577,-372775.2620680001,3585.620117,Long,1.0,0.88,0.0,-0.12
2022-10-03,10279884.346676577,10393348.985634577,-113464.63895799992,3678.429932,Long,1.03,0.91,0.03,-0.09
2022-10-04,10594209.346676577,10393348.985634577,200860.3610420001,3790.929932,Long,1.06,0.93,0.06,-0.07
2022-10-05,10572835.517694576,10393348.985634577,179486.53206000009,3783.280029,Long,1.06,0.93,0.06,-0.07
2022-10-06,10464540.052548576,10393348.985634577,71191.06691399986,3744.52002,Long,1.05,0.92,0.05,-0.08
2022-10-07,10171560.910796577,10393348.985634577,-221788.07483799974,3639.659912,Long,1.02,0.9,0.02,-0.1
2022-10-10,10095368.477710577,10393348.985634577,-297980.50792399986,3612.389893,Long,1.01,0.89,0.01,-0.11
2022-10-11,10029570.322540576,10393348.985634577,-363778.66309400013,3588.840088,Long,1.0,0.88,0.0,-0.12
2022-10-12,9996573.017694578,10393348.985634577,-396775.9679399999,3577.030029,Long,1.0,0.88,-0.0,-0.12
2022-10-13,10256079.410796577,10393348.985634577,-137269.57483799974,3669.909912,Long,1.03,0.9,0.03,-0.1
2022-10-14,10013448.886660576,10393348.985634577,-379900.09897399996,3583.070068,Long,1.0,0.88,0.0,-0.12
2022-10-17,10278543.279762577,10393348.985634577,-114805.70587199979,3677.949951,Long,1.03,0.91,0.03,-0.09
2022-10-18,10395975.180788577,10393348.985634577,2626.195154000251,3719.97998,Long,1.04,0.92,0.04,-0.08
2022-10-19,10326627.910796577,10393348.985634577,-66721.07483799972,3695.159912,Long,1.03,0.91,0.03,-0.09
2022-10-20,10244540.517694576,10393348.985634577,-148808.46793999991,3665.780029,Long,1.02,0.9,0.02,-0.1
2022-10-21,10487534.616668576,10393348.985634577,94185.63103400006,3752.75,Long,1.05,0.92,0.05,-0.08
2022-10-24,10612119.322540576,10393348.985634577,218770.33690599984,3797.340088,Long,1.06,0.93,0.06,-0.07
2022-10-25,10784704.755626576,10393348.985634577,391355.76999199996,3859.110107,Long,1.08,0.95,0.08,-0.05
2022-10-26,10694345.093806764,10694345.093806764,0.0,3830.600098,Short,1.07,0.94,0.07,-0.06
2022-10-27,10759375.530565765,10694345.093806764,65030.436758999844,3807.300049,Short,1.08,0.94,0.08,-0.06
2022-10-28,10497691.342655765,10694345.093806764,-196653.75115100006,3901.060059,Short,1.05,0.96,0.05,-0.04
2022-10-31,10578853.843144763,10694345.093806764,-115491.2506620005,3871.97998,Short,1.06,0.95,0.06,-0.05
2022-11-01,10623174.593806764,10694345.093806764,-71170.5,3856.100098,Short,1.06,0.95,0.06,-0.05
2022-11-02,10892255.341993764,10694345.093806764,197910.24818699944,3759.689941,Short,1.09,0.93,0.09,-0.07
2022-11-03,11003337.275961764,10694345.093806764,308992.1821549996,3719.889893,Short,1.1,0.92,0.1,-0.08
2022-11-04,10861944.780565765,10694345.093806764,167599.68675899986,3770.550049,Short,1.09,0.93,0.09,-0.07
2022-11-07,10760771.030565765,10694345.093806764,66425.93675899984,3806.800049,Short,1.08,0.94,0.08,-0.06
2022-11-08,10701294.658687765,10694345.093806764,6949.564880999771,3828.110107,Short,1.07,0.94,0.07,-0.06
2022-11-09,10923290.907536764,10694345.093806764,228945.8137299997,3748.570068,Short,1.09,0.92,0.09,-0.08
2022-11-10,10343320.970777765,10694345.093806764,-351024.1230290001,3956.370117,Short,1.03,0.97,0.03,-0.03
2022-11-11,10241282.527112763,10694345.093806764,-453062.5666940003,3992.929932,Short,1.02,0.98,0.02,-0.02
2022-11-14,10340865.217324764,10694345.093806764,-353479.8764820003,3957.25,Short,1.03,0.97,0.03,-0.03
2022-11-15,10244631.593144763,10694345.093806764,-449713.5006620005,3991.72998,Short,1.02,0.98,0.02,-0.02
2022-11-16,10336566.968475765,10694345.093806764,-357778.12533100025,3958.790039,Short,1.03,0.97,0.03,-0.03
2022-11-17,10370700.842655765,10694345.093806764,-323644.25115100003,3946.560059,Short,1.04,0.97,0.04,-0.03
2022-11-18,10318285.781716764,10694345.093806764,-376059.3120900001,3965.340088,Short,1.03,0.98,0.03,-0.02
2022-11-21,10361267.591993764,10694345.093806764,-333077.50181300053,3949.939941,Short,1.04,0.97,0.04,-0.03
2022-11-22,10211557.969626764,10694345.093806764,-482787.1241800002,4003.580078,Short,1.02,0.99,0.02,-0.01
2022-11-23,10134227.196726855,10134227.196726855,0.0,4027.26001,Long,1.01,0.99,0.01,-0.01
2022-11-25,10131359.225938855,10134227.196726855,-2867.9707880000733,4026.120117,Long,1.01,0.99,0.01,-0.01
2022-11-28,9974913.903122855,10134227.196726855,-159313.2936039997,3963.939941,Long,1.0,0.98,-0.0,-0.02
2022-11-29,9959037.797194855,10134227.196726855,-175189.39953199975,3957.629883,Long,1.0,0.97,-0.0,-0.03
2022-11-30,10267198.040778855,10134227.196726855,132970.844052,4080.110107,Long,1.03,1.0,0.03,0.0
2022-12-01,10258291.302654855,10134227.196726855,124064.10592800006,4076.570068,Long,1.03,1.0,0.03,0.0
2022-12-02,10246038.088282855,10134227.196726855,111810.89155600022,4071.699951,Long,1.02,1.0,0.02,0.0
2022-12-05,10062722.672974855,10134227.196726855,-71504.52375200011,3998.840088,Long,1.01,0.98,0.01,-0.02
2022-12-06,9917851.196726855,10134227.196726855,-216376.0,3941.26001,Long,0.99,0.97,-0.01,-0.03
2022-12-07,9899383.535318855,10134227.196726855,-234843.6614079998,3933.919922,Long,0.99,0.97,-0.01,-0.03
2022-12-08,9973832.196726855,10134227.196726855,-160395.0,3963.51001,Long,1.0,0.98,-0.0,-0.02
2022-12-09,9900540.797194855,10134227.196726855,-233686.39953199975,3934.379883,Long,0.99,0.97,-0.01,-0.03
2022-12-12,10041890.120010855,10134227.196726855,-92337.07671600014,3990.560059,Long,1.0,0.98,0.0,-0.02
2022-12-13,10115080.164998855,10134227.196726855,-19147.031727999634,4019.649902,Long,1.01,0.99,0.01,-0.01
2022-12-14,10053866.302654855,10134227.196726855,-80360.89407199994,3995.320068,Long,1.01,0.98,0.01,-0.02
2022-12-15,9803348.011566855,10134227.196726855,-330879.18515999994,3895.75,Long,0.98,0.96,-0.02,-0.04
2022-12-16,9694179.040778855,10134227.196726855,-440048.15594799997,3852.360107,Long,0.97,0.95,-0.03,-0.05
2022-12-19,9606873.350158855,10134227.196726855,-527353.8465679997,3817.659912,Long,0.96,0.94,-0.04,-0.06
2022-12-20,9616837.225938855,10134227.196726855,-517389.9707880001,3821.620117,Long,0.96,0.94,-0.04,-0.06
2022-12-21,9759795.903122855,10134227.196726855,-374431.2936039997,3878.439941,Long,0.98,0.95,-0.02,-0.05
2022-12-22,9618773.982354855,10134227.196726855,-515453.21437199984,3822.389893,Long,0.96,0.94,-0.04,-0.06
2022-12-23,9675208.302654855,10134227.196726855,-459018.89407199994,3844.820068,Long,0.97,0.95,-0.03,-0.05
2022-12-27,9636034.011566855,10134227.196726855,-498193.18515999994,3829.25,Long,0.96,0.94,-0.04,-0.06
2022-12-28,9520222.458602855,10134227.196726855,-614004.7381239999,3783.219971,Long,0.95,0.93,-0.05,-0.07
2022-12-29,9686429.564530855,10134227.196726855,-447797.6321959999,3849.280029,Long,0.97,0.95,-0.03,-0.05
2022-12-30,9661823.011566855,10134227.196726855,-472404.18515999994,3839.5,Long,0.97,0.94,-0.03,-0.06
2023-01-03,9623176.982354855,10134227.196726855,-511050.21437199984,3824.139893,Long,0.96,0.94,-0.04,-0.06
2023-01-04,9695713.458602855,10134227.196726855,-438513.73812399997,3852.969971,Long,0.97,0.95,-0.03,-0.05
2023-01-05,9582820.858134855,10134227.196726855,-551406.3385920002,3808.100098,Long,0.96,0.94,-0.04,-0.06
2023-01-06,9801662.487814855,10134227.196726855,-332564.708912,3895.080078,Long,0.98,0.96,-0.02,-0.04
2023-01-09,9794139.672974855,10134227.196726855,-340087.5237520001,3892.090088,Long,0.98,0.96,-0.02,-0.04
2023-01-10,9862474.011566855,10134227.196726855,-271753.18515999994,3919.25,Long,0.99,0.96,-0.01,-0.04
2023-01-11,9979192.501749642,9979192.501749642,0.0,3969.610107,Short,1.0,0.98,-0.0,-0.02
2023-01-12,9945116.686654642,9979192.501749642,-34075.81509500018,3983.169922,Short,0.99,0.98,-0.01,-0.02
2023-01-13,9905109.309496643,9979192.501749642,-74083.19225299988,3999.090088,Short,0.99,0.98,-0.01,-0.02
2023-01-17,9925515.163517643,9979192.501749642,-53677.33823200004,3990.969971,Short,0.99,0.98,-0.01,-0.02
2023-01-18,10081597.251749642,9979192.501749642,102404.75,3928.860107,Short,1.01,0.97,0.01,-0.03
2023-01-19,10157012.404366642,9979192.501749642,177819.90261700022,3898.850098,Short,1.02,0.96,0.02,-0.04
2023-01-20,9971653.501749642,9979192.501749642,-7539.0,3972.610107,Short,1.0,0.98,-0.0,-0.02
2023-01-23,9853040.022373643,9979192.501749642,-126152.47937599984,4019.810059,Short,0.99,0.99,-0.01,-0.01
2023-01-24,9860227.473777642,9979192.501749642,-118965.02797200021,4016.949951,Short,0.99,0.99,-0.01,-0.01
2023-01-25,9862061.913517643,9979192.501749642,-117130.58823200004,4016.219971,Short,0.99,0.99,-0.01,-0.01
2023-01-26,9750962.281524641,9979192.501749642,-228230.22022500008,4060.429932,Short,0.98,1.0,-0.02,-0.0
2023-01-27,9725505.272373643,9979192.501749642,-253687.22937599986,4070.560059,Short,0.97,1.0,-0.03,0.0
2023-01-30,9858166.640380641,9979192.501749642,-121025.8613689999,4017.77002,Short,0.99,0.99,-0.01,-0.01
2023-01-31,9710326.654366642,9979192.501749642,-268865.8473829998,4076.600098,Short,0.97,1.0,-0.03,0.0
2023-02-01,9603248.068647644,9979192.501749642,-375944.433101999,4119.209961,Short,0.96,1.01,-0.04,0.01
2023-02-02,9451086.408682643,9979192.501749642,-528106.0930670004,4179.759766,Short,0.95,1.03,-0.05,0.03
2023-02-03,9559848.510900643,9979192.501749642,-419343.9908490002,4136.47998,Short,0.96,1.02,-0.04,0.02
2023-02-06,9623678.464626642,9979192.501749642,-355514.03712299996,4111.080078,Short,0.96,1.01,-0.04,0.01
2023-02-07,9490690.700640643,9979192.501749642,-488501.80110900005,4164.0,Short,0.95,1.02,-0.05,0.02
2023-02-08,9596292.683085924,9596292.683085924,0.0,4117.859863,Long,0.96,1.01,-0.04,0.01
2023-02-09,9511574.202295925,9596292.683085924,-84718.48078999924,4081.5,Long,0.95,1.0,-0.05,0.0
2023-02-10,9532450.911425924,9596292.683085924,-63841.7716599992,4090.459961,Long,0.95,1.01,-0.05,0.01
2023-02-13,9641564.993165925,9596292.683085924,45272.310080001764,4137.290039,Long,0.96,1.02,-0.04,0.02
2023-02-14,9638861.829685925,9596292.683085924,42569.14659999984,4136.129883,Long,0.96,1.02,-0.04,0.02
2023-02-15,9665587.430635925,9596292.683085924,69294.7475500005,4147.600098,Long,0.97,1.02,-0.03,0.02
2023-02-16,9532334.297255926,9596292.683085924,-63958.38582999907,4090.409912,Long,0.95,1.01,-0.05,0.01
2023-02-17,9505959.107335925,9596292.683085924,-90333.57574999942,4079.090088,Long,0.95,1.0,-0.05,0.0
2023-02-21,9315481.607335925,9596292.683085924,-280811.07574999944,3997.340088,Long,0.93,0.98,-0.07,-0.02
2023-02-22,9300825.816465925,9596292.683085924,-295466.8666199994,3991.050049,Long,0.93,0.98,-0.07,-0.02
2023-02-23,9350384.960735925,9596292.683085924,-245907.72234999927,4012.320068,Long,0.94,0.99,-0.06,-0.01
2023-02-24,9251872.493165925,9596292.683085924,-344420.1899199993,3970.040039,Long,0.93,0.98,-0.07,-0.02
2023-02-27,9280298.378995925,9596292.683085924,-315994.3040899992,3982.23999,Long,0.93,0.98,-0.07,-0.02
2023-02-28,9252128.473955926,9596292.683085924,-344164.209129999,3970.149902,Long,0.93,0.98,-0.07,-0.02
2023-03-01,9208417.652985925,9596292.683085924,-387875.03009999916,3951.389893,Long,0.92,0.97,-0.08,-0.03
2023-03-02,9278224.930635925,9596292.683085924,-318067.7524499995,3981.350098,Long,0.93,0.98,-0.07,-0.02
2023-03-03,9428020.152985925,9596292.683085924,-168272.5300999992,4045.639893,Long,0.94,1.0,-0.06,-0.0
2023-03-06,9434497.620555924,9596292.683085924,-161795.06252999915,4048.419922,Long,0.94,1.0,-0.06,-0.0
2023-03-07,9289921.574905924,9596292.683085924,-306371.1081799994,3986.370117,Long,0.93,0.98,-0.07,-0.02
2023-03-08,9303062.525595924,9596292.683085924,-293230.1574899993,3992.01001,Long,0.93,0.98,-0.07,-0.02
2023-03-09,9131364.960735925,9596292.683085924,-464927.72234999924,3918.320068,Long,0.91,0.96,-0.09,-0.04
2023-03-10,8999184.107335925,9596292.683085924,-597108.5757499994,3861.590088,Long,0.9,0.95,-0.1,-0.05
2023-03-13,8985600.025595924,9596292.683085924,-610692.6574899993,3855.76001,Long,0.9,0.95,-0.1,-0.05
2023-03-14,9133624.993165925,9596292.683085924,-462667.6899199993,3919.290039,Long,0.91,0.96,-0.09,-0.04
2023-03-15,9069875.943855925,9596292.683085924,-526416.7392299992,3891.929932,Long,0.91,0.96,-0.09,-0.04
2023-03-16,9229131.669865925,9596292.683085924,-367161.0132199992,3960.280029,Long,0.92,0.97,-0.08,-0.03
2023-03-17,9127450.152985925,9596292.683085924,-468842.53009999916,3916.639893,Long,0.91,0.96,-0.09,-0.04
2023-03-20,9208837.460735925,9596292.683085924,-387455.22234999924,3951.570068,Long,0.92,0.97,-0.08,-0.03
2023-03-21,9328366.574905924,9596292.683085924,-267926.1081799994,4002.870117,Long,0.93,0.99,-0.07,-0.01
2023-03-22,9174819.234725924,9596292.683085924,-421473.4483599993,3936.969971,Long,0.92,0.97,-0.08,-0.03
2023-03-23,9202196.734725924,9596292.683085924,-394095.9483599993,3948.719971,Long,0.92,0.97,-0.08,-0.03
2023-03-24,9254085.878995925,9596292.683085924,-342206.8040899992,3970.98999,Long,0.93,0.98,-0.07,-0.02
2023-03-27,9269324.169865925,9596292.683085924,-326968.5132199992,3977.530029,Long,0.93,0.98,-0.07,-0.02
2023-03-28,9254738.348895924,9596292.683085924,-341554.3341899994,3971.27002,Long,0.93,0.98,-0.07,-0.02
2023-03-29,9386476.639765924,9596292.683085924,-209816.04331999944,4027.810059,Long,0.94,0.99,-0.06,-0.01
2023-03-30,9440113.284035925,9596292.683085924,-156179.39904999934,4050.830078,Long,0.94,1.0,-0.06,-0.0
2023-03-31,9576371.639765926,9596292.683085924,-19921.043319998396,4109.310059,Long,0.96,1.01,-0.04,0.01
2023-04-03,9611786.957075926,9596292.683085924,15494.273990001047,4124.509766,Long,0.96,1.02,-0.04,0.02
2023-04-04,9556077.430635925,9596292.683085924,-40215.252449999505,4100.600098,Long,0.96,1.01,-0.04,0.01
2023-04-05,9532264.329685925,9596292.683085924,-64028.3533999991,4090.379883,Long,0.95,1.01,-0.05,0.01
2023-04-06,9566375.848895924,9596292.683085924,-29916.83418999941,4105.02002,Long,0.96,1.01,-0.04,0.01
2023-04-10,9575905.183085924,9596292.683085924,-20387.5,4109.109863,Long,0.96,1.01,-0.04,0.01
2023-04-11,9575509.264825923,9596292.683085924,-20783.4182600001,4108.939941,Long,0.96,1.01,-0.04,0.01
2023-04-12,9535922.588125926,9596292.683085924,-60370.09495999912,4091.949951,Long,0.95,1.01,-0.05,0.01
2023-04-13,9662372.303245926,9596292.683085924,66079.6201600014,4146.220215,Long,0.97,1.02,-0.03,0.02
2023-04-14,9642380.721505925,9596292.683085924,46088.0384200015,4137.640137,Long,0.96,1.02,-0.04,0.02
2023-04-17,9674254.392215924,9596292.683085924,77961.70913000111,4151.319824,Long,0.97,1.02,-0.03,0.02
2023-04-18,9682526.574905926,9596292.683085924,86233.89182000166,4154.870117,Long,0.97,1.02,-0.03,0.02
2023-04-19,9681710.848895924,9596292.683085924,85418.16581000059,4154.52002,Long,0.97,1.02,-0.03,0.02
2023-04-20,9624089.993165925,9596292.683085924,27797.310080001764,4129.790039,Long,0.96,1.02,-0.04,0.02
2023-04-21,9632780.848895924,9596292.683085924,36488.16581000059,4133.52002,Long,0.96,1.02,-0.04,0.02
2023-04-24,9640982.493165925,9596292.683085924,44689.810080001764,4137.040039,Long,0.96,1.02,-0.04,0.02
2023-04-25,9488576.829685925,9596292.683085924,-107715.8533999991,4071.629883,Long,0.95,1.0,-0.05,0.0
2023-04-26,9452135.878995925,9596292.683085924,-144156.80408999918,4055.98999,Long,0.95,1.0,-0.05,-0.0
2023-04-27,9637044.930635925,9596292.683085924,40752.247550000495,4135.350098,Long,0.96,1.02,-0.04,0.02
2023-04-28,9716567.555695925,9596292.683085924,120274.87261000091,4169.47998,Long,0.97,1.03,-0.03,0.03
2023-05-01,9712816.574905926,9596292.683085924,116523.89182000166,4167.870117,Long,0.97,1.03,-0.03,0.03
2023-05-02,9600300.784035925,9596292.683085924,4008.100950000653,4119.580078,Long,0.96,1.01,-0.04,0.01
2023-05-03,9533126.702295925,9596292.683085924,-63165.980789999245,4090.75,Long,0.95,1.01,-0.05,0.01
2023-05-04,9464321.734725924,9596292.683085924,-131970.94835999928,4061.219971,Long,0.95,1.0,-0.05,-0.0
2023-05-05,9639141.702295925,9596292.683085924,42849.019210000755,4136.25,Long,0.96,1.02,-0.04,0.02
2023-05-08,9643499.074905926,9596292.683085924,47206.39182000166,4138.120117,Long,0.96,1.02,-0.04,0.02
2023-05-09,9599345.120555924,9596292.683085924,3052.43747000085,4119.169922,Long,0.96,1.01,-0.04,0.01
2023-05-10,9642380.721505925,9596292.683085924,46088.0384200015,4137.640137,Long,0.96,1.02,-0.04,0.02
2023-05-11,9626024.074905926,9596292.683085924,29731.391820001663,4130.620117,Long,0.96,1.02,-0.04,0.02
2023-05-12,9610785.784035925,9596292.683085924,14493.100950000653,4124.080078,Long,0.96,1.02,-0.04,0.02
2023-05-15,9639211.101345925,9596292.683085924,42918.4182600001,4136.279785,Long,0.96,1.02,-0.04,0.02
2023-05-16,9577745.973955926,9596292.683085924,-18546.70912999899,4109.899902,Long,0.96,1.01,-0.04,0.01
2023-05-17,9691613.348895924,9596292.683085924,95320.66581000059,4158.77002,Long,0.97,1.02,-0.03,0.02
2023-05-18,9783135.247945923,9596292.683085924,186842.56485999993,4198.049805,Long,0.98,1.03,-0.02,0.03
2023-05-19,9768992.555695925,9596292.683085924,172699.87261000092,4191.97998,Long,0.98,1.03,-0.02,0.03
2023-05-22,9770506.829685925,9596292.683085924,174214.14659999983,4192.629883,Long,0.98,1.03,-0.02,0.03
2023-05-23,9660880.784035925,9596292.683085924,64588.100950000655,4145.580078,Long,0.97,1.02,-0.03,0.02
2023-05-24,9590188.947515925,9596292.683085924,-6103.735569999544,4115.240234,Long,0.96,1.01,-0.04,0.01
2023-05-25,9674161.101345925,9596292.683085924,77868.4182600001,4151.279785,Long,0.97,1.02,-0.03,0.02
2023-05-26,9800378.156645926,9596292.683085924,204085.47356000156,4205.450195,Long,0.98,1.04,-0.02,0.04
2023-05-30,9800540.848895924,9596292.683085924,204248.1658100006,4205.52002,Long,0.98,1.04,-0.02,0.04
2023-05-31,9740683.284035925,9596292.683085924,144390.60095000066,4179.830078,Long,0.97,1.03,-0.03,0.03
2023-06-01,9836655.848895924,9596292.683085924,240363.1658100006,4221.02002,Long,0.98,1.04,-0.02,0.04
2023-06-02,9979601.574905926,9596292.683085924,383308.89182000165,4282.370117,Long,1.0,1.05,-0.0,0.05
2023-06-05,9959609.993165925,9596292.683085924,363317.3100800018,4273.790039,Long,1.0,1.05,-0.0,0.05
2023-06-06,9983049.930635925,9596292.683085924,386757.2475500005,4283.850098,Long,1.0,1.05,-0.0,0.05
2023-06-07,9945000.848895924,9596292.683085924,348708.1658100006,4267.52002,Long,0.99,1.05,-0.01,0.05
2023-06-08,10006536.512375925,9596292.683085924,410243.8292900004,4293.930176,Long,1.0,1.06,0.0,0.06
2023-06-09,10018022.683085924,9596292.683085924,421730.0,4298.859863,Long,1.0,1.06,0.0,0.06
2023-06-12,10111386.512375925,9596292.683085924,515093.8292900004,4338.930176,Long,1.01,1.07,0.01,0.07
2023-06-13,10181471.957075926,9596292.683085924,585179.2739900011,4369.009766,Long,1.02,1.08,0.02,0.08
2023-06-14,10189813.538815925,9596292.683085924,593520.855730001,4372.589844,Long,1.02,1.08,0.02,0.08
2023-06-15,10313886.038815925,9596292.683085924,717593.355730001,4425.839844,Long,1.03,1.09,0.03,0.09
2023-06-16,10276023.538815925,9596292.683085924,679730.855730001,4409.589844,Long,1.03,1.09,0.03,0.09
2023-06-20,10227373.411425924,9596292.683085924,631080.7283399998,4388.709961,Long,1.02,1.08,0.02,0.08
2023-06-21,10173736.764825923,9596292.683085924,577444.0817399999,4365.689941,Long,1.02,1.07,0.02,0.07
2023-06-22,10211483.221505925,9596292.683085924,615190.5384200015,4381.890137,Long,1.02,1.08,0.02,0.08
2023-06-23,10133288.284035925,9596292.683085924,536995.6009500007,4348.330078,Long,1.01,1.07,0.01,0.07
2023-06-26,10087829.392215924,9596292.683085924,491536.70913000114,4328.819824,Long,1.01,1.07,0.01,0.07
2023-06-27,10203374.865775924,9596292.683085924,607082.1826900005,4378.410156,Long,1.02,1.08,0.02,0.08
2023-06-28,10199762.683085924,9596292.683085924,603470.0,4376.859863,Long,1.02,1.08,0.02,0.08
2023-06-29,10245384.264825923,9596292.683085924,649091.5817399999,4396.439941,Long,1.02,1.08,0.02,0.08
2023-06-30,10371064.329685925,9596292.683085924,774771.6465999999,4450.379883,Long,1.04,1.1,0.04,0.1
2023-07-03,10383203.538815925,9596292.683085924,786910.855730001,4455.589844,Long,1.04,1.1,0.04,0.1
2023-07-05,10362769.392215924,9596292.683085924,766476.7091300011,4446.819824,Long,1.04,1.09,0.04,0.09
2023-07-06,10280683.538815925,9596292.683085924,684390.855730001,4411.589844,Long,1.03,1.09,0.03,0.09
2023-07-07,10251233.156645926,9596292.683085924,654940.4735600016,4398.950195,Long,1.03,1.08,0.03,0.08
2023-07-10,10275883.601345925,9596292.683085924,679590.9182600001,4409.529785,Long,1.03,1.09,0.03,0.09
2023-07-11,10345154.457075926,9596292.683085924,748861.7739900011,4439.259766,Long,1.03,1.09,0.03,0.09
2023-07-12,10421812.365775924,9596292.683085924,825519.6826900005,4472.160156,Long,1.04,1.1,0.04,0.1
2023-07-13,10510072.493165925,9596292.683085924,913779.8100800017,4510.040039,Long,1.05,1.11,0.05,0.11
2023-07-14,10499307.620555924,9596292.683085924,903014.9374700008,4505.419922,Long,1.05,1.11,0.05,0.11
2023-07-17,10539779.993165925,9596292.683085924,943487.3100800017,4522.790039,Long,1.05,1.11,0.05,0.11
2023-07-18,10614782.555695925,9596292.683085924,1018489.8726100009,4554.97998,Long,1.06,1.12,0.06,0.12
2023-07-19,10639807.303245926,9596292.683085924,1043514.6201600014,4565.720215,Long,1.06,1.12,0.06,0.12
2023-07-20,10567926.574905926,9596292.683085924,971633.8918200016,4534.870117,Long,1.06,1.12,0.06,0.12
2023-07-21,10571351.038815925,9596292.683085924,975058.355730001,4536.339844,Long,1.06,1.12,0.06,0.12
2023-07-24,10613990.721505925,9596292.683085924,1017698.0384200015,4554.640137,Long,1.06,1.12,0.06,0.12
2023-07-25,10643860.911425924,9596292.683085924,1047568.2283399998,4567.459961,Long,1.06,1.12,0.06,0.12
2023-07-26,10642206.702295925,9596292.683085924,1045914.0192100008,4566.75,Long,1.06,1.12,0.06,0.12
2023-07-27,10573844.865775924,9596292.683085924,977552.1826900005,4537.410156,Long,1.06,1.12,0.06,0.12
2023-07-28,10678275.055695925,9596292.683085924,1081982.372610001,4582.22998,Long,1.07,1.13,0.07,0.13
2023-07-31,10693955.911425924,9596292.683085924,1097663.2283399997,4588.959961,Long,1.07,1.13,0.07,0.13
2023-08-01,10665460.055695925,9596292.683085924,1069167.372610001,4576.72998,Long,1.07,1.13,0.07,0.13
2023-08-02,10517878.221505925,9596292.683085924,921585.5384200015,4513.390137,Long,1.05,1.11,0.05,0.11
2023-08-03,10491083.221505925,9596292.683085924,894790.5384200015,4501.890137,Long,1.05,1.11,0.05,0.11
2023-08-04,10435488.601345925,9596292.683085924,839195.9182600001,4478.029785,Long,1.04,1.1,0.04,0.1
2023-08-07,10529644.264825923,9596292.683085924,933351.5817399999,4518.439941,Long,1.05,1.11,0.05,0.11
2023-08-08,10485234.329685925,9596292.683085924,888941.6465999999,4499.379883,Long,1.05,1.11,0.05,0.11
2023-08-09,10401033.647216793,10401033.647216793,0.0,4467.709961,Short,1.04,1.1,0.04,0.1
2023-08-10,10398426.014840793,10401033.647216793,-2607.632376000911,4468.830078,Short,1.04,1.1,0.04,0.1
2023-08-11,10409554.490384793,10401033.647216793,8520.843167999803,4464.049805,Short,1.04,1.1,0.04,0.1
2023-08-14,10349793.775904791,10401033.647216793,-51239.87131200166,4489.720215,Short,1.03,1.11,0.03,0.11
2023-08-15,10470524.675360793,10401033.647216793,69491.02814399975,4437.859863,Short,1.05,1.09,0.05,0.09
2023-08-16,10548582.014840793,10401033.647216793,147548.36762399907,4404.330078,Short,1.05,1.08,0.05,0.08
2023-08-17,10627664.675360793,10401033.647216793,226631.02814399975,4370.359863,Short,1.06,1.08,0.06,0.08
2023-08-18,10629177.647216793,10401033.647216793,228144.0,4369.709961,Short,1.06,1.08,0.06,0.08
2023-08-21,10559197.829864793,10401033.647216793,158164.18264799914,4399.77002,Short,1.06,1.08,0.06,0.08
2023-08-22,10587646.490384793,10401033.647216793,186612.84316799982,4387.549805,Short,1.06,1.08,0.06,0.08
2023-08-23,10464504.670441544,10464504.670441544,0.0,4436.009766,Long,1.05,1.09,0.05,0.09
2023-08-24,10323732.761335544,10464504.670441544,-140771.90910599945,4376.310059,Long,1.03,1.08,0.03,0.08
2023-08-25,10393057.730251543,10464504.670441544,-71446.94019000132,4405.709961,Long,1.04,1.08,0.04,0.08
2023-08-28,10458138.761335544,10464504.670441544,-6365.909105999439,4433.310059,Long,1.05,1.09,0.05,0.09
2023-08-29,10609804.906327542,10464504.670441544,145300.2358859988,4497.629883,Long,1.06,1.11,0.06,0.11
2023-08-30,10650457.378099544,10464504.670441544,185952.7076580006,4514.870117,Long,1.07,1.11,0.07,0.11
2023-08-31,10633456.290061543,10464504.670441544,168951.6196199995,4507.660156,Long,1.06,1.11,0.06,0.11
2023-09-01,10652579.349373544,10464504.670441544,188074.67893199954,4515.77002,Long,1.07,1.11,0.07,0.11
2023-09-05,10607918.966137543,10464504.670441544,143414.2956959996,4496.830078,Long,1.06,1.11,0.06,0.11
2023-09-06,10533995.435053544,10464504.670441544,69490.76461199987,4465.47998,Long,1.05,1.1,0.05,0.1
2023-09-07,10500182.085259544,10464504.670441544,35677.41481800046,4451.140137,Long,1.05,1.1,0.05,0.1
2023-09-08,10515155.613985542,10464504.670441544,50650.9435439994,4457.490234,Long,1.05,1.1,0.05,0.1
2023-09-11,10585824.230251543,10464504.670441544,121319.55980999868,4487.459961,Long,1.06,1.1,0.06,0.1
2023-09-12,10525553.611129543,10464504.670441544,61048.94068799996,4461.899902,Long,1.05,1.1,0.05,0.1
2023-09-13,10538617.023091542,10464504.670441544,74112.35264999884,4467.439941,Long,1.05,1.1,0.05,0.1
2023-09-14,10627419.673297543,10464504.670441544,162915.00285599945,4505.100098,Long,1.06,1.11,0.06,0.11
2023-09-15,10498247.787205543,10464504.670441544,33743.116764000064,4450.319824,Long,1.05,1.1,0.05,0.1
2023-09-18,10505816.875243543,10464504.670441544,41312.20480199904,4453.529785,Long,1.05,1.1,0.05,0.1
2023-09-19,10483228.202023543,10464504.670441544,18723.531582000523,4443.950195,Long,1.05,1.09,0.05,0.09
2023-09-20,10384781.702023543,10464504.670441544,-79722.96841799948,4402.200195,Long,1.04,1.08,0.04,0.08
2023-09-21,10214533.642213544,10464504.670441544,-249971.0282280003,4330.0,Long,1.02,1.07,0.02,0.07
2023-09-22,10191095.261335544,10464504.670441544,-273409.40910599945,4320.060059,Long,1.02,1.06,0.02,0.06
2023-09-25,10232077.023091543,10464504.670441544,-232427.64735000115,4337.439941,Long,1.02,1.07,0.02,0.07
2023-09-26,10081376.875243543,10464504.670441544,-383127.79519800097,4273.529785,Long,1.01,1.05,0.01,0.05
2023-09-27,10083687.670441544,10464504.670441544,-380817.0,4274.509766,Long,1.01,1.05,0.01,0.05
2023-09-28,10143086.702023543,10464504.670441544,-321417.96841799945,4299.700195,Long,1.01,1.06,0.01,0.06
2023-09-29,10115615.082403542,10464504.670441544,-348889.5880380011,4288.049805,Long,1.01,1.06,0.01,0.06
2023-10-02,10116417.585259544,10464504.670441544,-348087.08518199954,4288.390137,Long,1.01,1.06,0.01,0.06
2023-10-03,9977437.202023543,10464504.670441544,-487067.46841799945,4229.450195,Long,1.0,1.04,-0.0,0.04
2023-10-04,10058316.142213544,10464504.670441544,-406188.5282280003,4263.75,Long,1.01,1.05,0.01,0.05
2023-10-05,10045205.523091543,10464504.670441544,-419299.14735000115,4258.189941,Long,1.0,1.05,0.0,0.05
2023-10-06,10163836.642213544,10464504.670441544,-300668.0282280003,4308.5,Long,1.02,1.06,0.02,0.06
2023-10-09,10227880.290061543,10464504.670441544,-236624.3803800005,4335.660156,Long,1.02,1.07,0.02,0.07
2023-10-10,10281124.113985542,10464504.670441544,-183380.5564560006,4358.240234,Long,1.03,1.07,0.03,0.07
2023-10-11,10325242.202023543,10464504.670441544,-139262.46841799948,4376.950195,Long,1.03,1.08,0.03,0.08
2023-10-12,10260773.699167542,10464504.670441544,-203730.97127400106,4349.609863,Long,1.03,1.07,0.03,0.07
2023-10-13,10209298.375243543,10464504.670441544,-255206.29519800097,4327.779785,Long,1.02,1.07,0.02,0.07
2023-10-16,10317412.906327542,10464504.670441544,-147091.7641140012,4373.629883,Long,1.03,1.08,0.03,0.08
2023-10-17,10316399.702023543,10464504.670441544,-148104.96841799948,4373.200195,Long,1.03,1.08,0.03,0.08
2023-10-18,10168046.84626646,10168046.84626646,0.0,4314.600098,Short,1.02,1.06,0.02,0.06
2023-10-19,10254276.677154459,10168046.84626646,86229.83088799973,4278.0,Short,1.03,1.05,0.03,0.05
2023-10-20,10381123.34961846,10168046.84626646,213076.50335199994,4224.160156,Short,1.04,1.04,0.04,0.04
2023-10-23,10397898.345270459,10168046.84626646,229851.4990039987,4217.040039,Short,1.04,1.04,0.04,0.04
2023-10-24,10325710.18249846,10168046.84626646,157663.3362320001,4247.680176,Short,1.03,1.05,0.03,0.05
2023-10-25,10469214.510034459,10168046.84626646,301167.6637679999,4186.77002,Short,1.05,1.03,0.05,0.03
2023-10-26,10585930.84427446,10168046.84626646,417883.99800799956,4137.22998,Short,1.06,1.02,0.06,0.02
2023-10-27,10632720.681502458,10168046.84626646,464673.8352359988,4117.370117,Short,1.06,1.01,0.06,0.01
2023-10-30,10516217.17181046,10168046.84626646,348170.3255439994,4166.819824,Short,1.05,1.03,0.05,0.03
2023-10-31,10452652.33657446,10168046.84626646,284605.4903080006,4193.799805,Short,1.05,1.03,0.05,0.03
2023-11-01,10348846.83992646,10168046.84626646,180799.9936600005,4237.859863,Short,1.03,1.04,0.03,0.04
2023-11-02,10160555.50369446,10168046.84626646,-7491.342571999601,4317.779785,Short,1.02,1.06,0.02,0.06
2023-11-03,10064996.004690459,10168046.84626646,-103050.84157600046,4358.339844,Short,1.01,1.07,0.01,0.07
2023-11-06,10046995.84427446,10168046.84626646,-121051.00199200043,4365.97998,Short,1.0,1.07,0.0,0.07
2023-11-07,10017781.67280646,10168046.84626646,-150265.17345999935,4378.379883,Short,1.0,1.08,0.0,0.08
2023-11-08,10007415.50369446,10168046.84626646,-160631.3425719996,4382.779785,Short,1.0,1.08,0.0,0.08
2023-11-09,10090887.84626646,10168046.84626646,-77159.0,4347.350098,Short,1.01,1.07,0.01,0.07
2023-11-10,9930938.68585046,10168046.84626646,-237108.16041599997,4415.240234,Short,0.99,1.09,-0.01,0.09
2023-11-13,9939633.33657446,10168046.84626646,-228413.50969199944,4411.549805,Short,0.99,1.09,-0.01,0.09
2023-11-14,9741375.017734459,10168046.84626646,-426671.82853200106,4495.700195,Short,0.97,1.11,-0.03,0.11
2023-11-15,9724459.67280646,10168046.84626646,-443587.1734599993,4502.879883,Short,0.97,1.11,-0.03,0.11
2023-11-16,9711830.68585046,10168046.84626646,-456216.16041599994,4508.240234,Short,0.97,1.11,-0.03,0.11
2023-11-17,9698213.510034459,10168046.84626646,-469833.3362320001,4514.02002,Short,0.97,1.11,-0.03,0.11
2023-11-20,9619617.67280646,10168046.84626646,-548429.1734599994,4547.379883,Short,0.96,1.12,-0.04,0.12
2023-11-21,9641269.17615846,10168046.84626646,-526777.6701079994,4538.189941,Short,0.96,1.12,-0.04,0.12
2023-11-22,9597847.681502458,10168046.84626646,-570199.1647640012,4556.620117,Short,0.96,1.12,-0.04,0.12
2023-11-24,9591440.004690459,10168046.84626646,-576606.8415760004,4559.339844,Short,0.96,1.12,-0.04,0.12
2023-11-27,9612431.18249846,10168046.84626646,-555615.6637679999,4550.430176,Short,0.96,1.12,-0.04,0.12
2023-11-28,9601923.51438246,10168046.84626646,-566123.331884001,4554.890137,Short,0.96,1.12,-0.04,0.12
2023-11-29,9612078.01338646,10168046.84626646,-555968.8328800001,4550.580078,Short,0.96,1.12,-0.04,0.12
2023-11-30,9571508.33657446,10168046.84626646,-596538.5096919994,4567.799805,Short,0.96,1.12,-0.04,0.12
2023-12-01,9508296.67280646,10168046.84626646,-659750.1734599994,4594.629883,Short,0.95,1.13,-0.05,0.13
2023-12-04,9566843.50369446,10168046.84626646,-601203.3425719996,4569.779785,Short,0.96,1.12,-0.04,0.12
2023-12-05,9572968.18249846,10168046.84626646,-595078.6637679999,4567.180176,Short,0.96,1.12,-0.04,0.12
2023-12-06,9604281.760017995,9604281.760017995,0.0,4549.339844,Long,0.96,1.12,-0.04,0.12
2023-12-07,9680805.510017995,9604281.760017995,76523.75,4585.589844,Long,0.97,1.13,-0.03,0.13
2023-12-08,9720450.666320996,9604281.760017995,116168.90630300065,4604.370117,Long,0.97,1.13,-0.03,0.13
2023-12-11,9758596.064784994,9604281.760017995,154314.30476699906,4622.439941,Long,0.98,1.14,-0.02,0.14
2023-12-12,9803476.460978996,9604281.760017995,199194.70096100055,4643.700195,Long,0.98,1.14,-0.02,0.14
2023-12-13,9937292.010017995,9604281.760017995,333010.25,4707.089844,Long,0.99,1.16,-0.01,0.16
2023-12-14,9963594.987688994,9604281.760017995,359313.22767099907,4719.549805,Long,1.0,1.16,-0.0,0.16
2023-12-15,9962835.314784994,9604281.760017995,358553.55476699903,4719.189941,Long,1.0,1.16,-0.0,0.16
2023-12-18,10007947.633882996,9604281.760017995,403665.8738650006,4740.560059,Long,1.0,1.17,0.0,0.17
2023-12-19,10066654.666320994,9604281.760017995,462372.90630300064,4768.370117,Long,1.01,1.17,0.01,0.17
2023-12-20,9918842.406211995,9604281.760017995,314560.64619399956,4698.350098,Long,0.99,1.16,-0.01,0.16
2023-12-21,10021014.599333994,9604281.760017995,416732.8393159998,4746.75,Long,1.0,1.17,0.0,0.17
2023-12-22,10037649.032346994,9604281.760017995,433367.272328999,4754.629883,Long,1.0,1.17,0.0,0.17
2023-12-26,10080122.599333994,9604281.760017995,475840.8393159998,4774.75,Long,1.01,1.18,0.01,0.18
2023-12-27,10094540.893991994,9604281.760017995,490259.1339739997,4781.580078,Long,1.01,1.18,0.01,0.18
2023-12-28,10098277.406211995,9604281.760017995,493995.64619399956,4783.350098,Long,1.01,1.18,0.01,0.18
2023-12-29,10069736.643991994,9604281.760017995,465454.8839739997,4769.830078,Long,1.01,1.17,0.01,0.17
2024-01-02,10012739.643991994,9604281.760017995,408457.8839739997,4742.830078,Long,1.0,1.17,0.0,0.17
2024-01-03,9932479.383882996,9604281.760017995,328197.6238650006,4704.810059,Long,0.99,1.16,-0.01,0.16
2024-01-04,9898429.200869994,9604281.760017995,294147.4408519995,4688.680176,Long,0.99,1.15,-0.01,0.15
2024-01-05,9916499.483307995,9604281.760017995,312217.7232899995,4697.240234,Long,0.99,1.16,-0.01,0.16
2024-01-08,10056458.371662995,9604281.760017995,452176.61164500075,4763.540039,Long,1.01,1.17,0.01,0.17
2024-01-09,10041596.849333994,9604281.760017995,437315.0893159998,4756.5,Long,1.0,1.17,0.0,0.17
2024-01-10,10098488.710978996,9604281.760017995,494206.9509610006,4783.450195,Long,1.01,1.18,0.01,0.18
2024-01-11,10091712.483307995,9604281.760017995,487430.7232899995,4780.240234,Long,1.01,1.18,0.01,0.18
2024-01-12,10099290.643991994,9604281.760017995,495008.8839739997,4783.830078,Long,1.01,1.18,0.01,0.18
2024-01-16,10061609.087113995,9604281.760017995,457327.32709599996,4765.97998,Long,1.01,1.17,0.01,0.17
2024-01-17,10005097.577004993,9604281.760017995,400815.8169869989,4739.209961,Long,1.0,1.17,0.0,0.17
2024-01-18,10093189.564784994,9604281.760017995,488907.80476699903,4780.939941,Long,1.01,1.18,0.01,0.18
2024-01-19,10217464.383882996,9604281.760017995,613182.6238650006,4839.810059,Long,1.02,1.19,0.02,0.19
2024-01-22,10239883.450869994,9604281.760017995,635601.6908519994,4850.430176,Long,1.02,1.19,0.02,0.19
2024-01-23,10269796.156211995,9604281.760017995,665514.3961939996,4864.600098,Long,1.03,1.2,0.03,0.2
2024-01-24,10267856.479050638,10267856.479050638,0.0,4868.549805,Short,1.03,1.2,0.03,0.2
2024-01-25,10213844.248791637,10267856.479050638,-54012.23025900056,4894.160156,Short,1.02,1.2,0.02,0.2
2024-01-26,10220571.834360637,10267856.479050638,-47284.644690001325,4890.970215,Short,1.02,1.2,0.02,0.2
2024-01-29,10142623.276611637,10267856.479050638,-125233.20243900041,4927.930176,Short,1.01,1.21,0.01,0.21
2024-01-30,10148865.834360637,10267856.479050638,-118990.64469000133,4924.970215,Short,1.01,1.21,0.01,0.21
2024-01-31,10305932.89883432,10305932.89883432,0.0,4845.649902,Long,1.03,1.19,0.03,0.19
